日期	标题	正文字数(约)	来源
2025-07-19	我一开始不理解，为什么有人跳槽去得物		精校版
2025-11-04	获胜原因：放荡不羁爱All_in		精校版
2025-12-25	排第四名的阿福，挺有意思的	1260	文字稿补充
2025-12-26	这个播客太通透了	1541	文字稿补充
2025-12-29	强烈推荐你去看MIT发表的这篇论文	1078	文字稿补充
2025-12-31	Meta为什么要花这么多钱买Manus？	776	文字稿补充
2026-01-06	大模型哪家强，老黄直接摊牌了！	1411	文字稿补充
2026-01-06	强烈推荐去看数学家陶哲轩近期关于AI的访谈	1651	文字稿补充
2026-01-06	这很可能关系到每个内容创作者	1130	文字稿补充
2026-01-06	高德的大动作，从虚拟走向现实？	1002	文字稿补充
2026-01-07	你买的_Agent_可能只是一堆提示词	1698	文字稿补充
2026-01-07	超级推荐你们去看这次的CES展会	1440	文字稿补充
2026-01-08	今天看到的很多东西并不梦幻	1396	文字稿补充
2026-01-08	我眼中的智谱AI（深圳看不到星星）	2048	文字稿补充
2026-01-08	阿里千问这是拿了爽文主角的剧本	984	文字稿补充
2026-01-09	千亿MiniMax相信非共识	1171	文字稿补充
2026-01-15	我终于理解阿里为什么要做千问了	1760	文字稿补充
2026-01-15	技术决定走多快，商业模式决定了走多远	1540	文字稿补充
2026-01-16	外媒报道智谱华为合作，就问英伟达慌不慌？	1299	文字稿补充
2026-01-19	今天，我看到一条新闻时有点小意外	1603	文字稿补充
2026-01-20	扣子2.0让prompt没那么重要了	1904	文字稿补充
2026-01-20	用不了claude_cowork？阶跃直接顶上来了	2293	文字稿补充
2026-01-21	没有无限预算也能赢，快手估值的第二根柱子	1518	文字稿补充
2026-01-21	这就是千问模型破10亿下载最可怕的地方	1438	文字稿补充
2026-01-22	OpenEvidence在国内会错位	1548	文字稿补充
2026-01-22	孩子能不能用AI？别把认知外包就行！	1795	文字稿补充
2026-01-22	有点子炸裂！阿里平头哥要独立上市了？	1446	文字稿补充
2026-01-23	有点炸裂，美团新模型能有八个大脑？	3453	文字稿补充
2026-01-26	印奇来了，看来阶跃要把AI硬件搞到底	1372	文字稿补充
2026-01-26	金融人最讨厌的工作，恰好是AI最擅长的	955	文字稿补充
2026-01-27	阿里Qwen又发新模型，重点不是更聪明	3804	文字稿补充
2026-01-28	涨完你的涨你的，Kimi这波可得接稳了	3573	文字稿补充
2026-01-29	阿里通云哥，突然站到台前	1201	文字稿补充
2026-01-30	这四篇论文，专治大模型的各种不服	2223	文字稿补充
2026-02-02	阿里千问显然不只想赢一次春节	1496	文字稿补充
2026-02-05	Step_3.5_Flash登顶OpenRouter，海外炸了	2756	文字稿补充
2026-02-05	桌面Agent干掉的，是你每天那10分钟	1847	文字稿补充
2026-02-06	时代变了，Office软件或将迎来绝唱	5567	文字稿补充
2026-02-06	没撒钱没请星，但它却承包了春节爆款	1245	文字稿补充
2026-02-09	相隔十年，奥运把AI推到台前	2057	文字稿补充
2026-02-09	看到这个新闻，我心里突然咯噔一下	1071	文字稿补充
2026-02-10	中国团队还是喜欢在新年放大货呀！	856	文字稿补充
2026-02-10	技术的胜负，藏在一杯奶茶里	2090	文字稿补充
2026-02-11	AI圈两记重拳：GLM-5_+_DeepSeek新模型	923	文字稿补充
2026-02-11	尊重这件事，从来都很具体	1323	文字稿补充
2026-02-12	我有一种直觉，国产AI开始出现双子星了	1850	文字稿补充
2026-02-12	笑鼠，这些AI竟然都不知道洗车要带车过去	1654	文字稿补充
2026-02-12	马之千里者，骐骥也	1115	文字稿补充
2026-02-14	AI行业的竞争逻辑，早就不是拼人数了	973	精校版
2026-02-14	可灵3.0像武当太极，Seedance2.0像华山快剑	1400	文字稿补充
2026-02-16	千问3.5展现了AI的暴力美学	1587	文字稿补充
2026-02-16	美团快手百度之后，MiniMax顶了上来	1307	文字稿补充
2026-02-18	杨丽萍这段舞台，被美国AI圈点赞	1111	文字稿补充
2026-02-19	千问把杨丽萍万马奔腾带到纽约	482	文字稿补充
2026-02-19	哇，又看到一个拿来测AI的有趣问题	1240	文字稿补充
2026-02-21	这波智谱确实菜了，但他们决定负责到底	1812	文字稿补充
2026-02-24	非常推荐看看沙利文新出的企业级大模型报告	2406	文字稿补充
2026-02-26	别把自己的人生，绑在旧时代的手艺崇拜里	630	文字稿补充
2026-03-02	下一代内容平台，不靠推荐算法	1538	文字稿补充
2026-03-02	直觉告诉我，AI眼镜比手机更有搞头	1874	文字稿补充
2026-03-03	我发现ARR才是MiniMax电话会真正的主角	1446	文字稿补充
2026-03-08	AI红利，不属于死卷大模型的跟风者	1345	文字稿补充
2026-03-09	找店的内耗被dzdp治好了	1848	文字稿补充
2026-03-09	身边折腾过OpenClaw的朋友，最后都弃用了	1921	文字稿补充
2026-03-10	上门装OpenClaw送做饭的生意，这下黄了	2173	文字稿补充
2026-03-12	这下OpenClaw部署教程贴，直接凉凉	2426	文字稿补充
2026-03-13	装OpenClaw装得我心态崩了	2533	文字稿补充
2026-03-16	我们要面对的，是历史上从来没发生过的变化	1351	文字稿补充
2026-03-16	用通用模型写代码后，感觉身体被掏空了	1726	文字稿补充
2026-03-17	OpenClaw最强大脑上车，一步登天	1787	精校版
2026-03-17	强烈建议你们都来看看这份字节的AI编程手册	2520	文字稿补充
2026-03-17	悟空把一人公司的门槛打下来了	2217	文字稿补充
2026-03-17	超级大厂在批量造超级员工	1277	文字稿补充
2026-03-20	说句大实话，阿里明显被市场错估了	1332	文字稿补充
2026-03-24	IPO逻辑，正在被中国AI公司踹翻	1585	文字稿补充
2026-03-26	这届投资者，可能正在被AI纯度带偏	1777	文字稿补充
2026-03-27	Sora关停后，我看清了AI视频的真相	1699	文字稿补充
2026-03-27	这一次，多模态模型不再是拼装货	1425	文字稿补充
2026-03-28	看完李诞养虾的思路，我突然就通了	1545	文字稿补充
2026-03-31	中国AI公司财报直接给我看懵了	2518	文字稿补充
2026-04-01	AI生图终于开始干点人事了	1418	文字稿补充
2026-04-01	为什么行业迟迟没有正面应对AI幻觉问题？	2577	文字稿补充
2026-04-02	强烈推荐去用这个ClawHub中国镜像站	1638	文字稿补充
2026-04-04	大公司可持续的AI技术创新，到底依赖什么？	1399	文字稿补充
2026-04-04	阶跃这波，后劲有点大	1372	文字稿补充
2026-04-06	百万预算的活，AI直接干完了	2056	文字稿补充
2026-04-08	一个中国开源模型，把牌桌掀了	1796	文字稿补充
2026-04-08	盖坤讲透了，快手为什么能搞出可灵	1703	文字稿补充
2026-04-09	AI把短剧门槛打穿后，谁最先睡不着？	2123	文字稿补充
2026-04-10	当AI开始听懂中国方言说唱	2506	文字稿补充
2026-04-13	股价跌82%，他却死活不裁员	1447	文字稿补充
2026-04-14	一个API，掀翻整个视频行业	1580	文字稿补充
2026-04-14	学术圈，快被AI埋了	1197	文字稿补充
2026-04-16	内容行业，可能要被一只“生蚝”重新洗牌了？	1775	文字稿补充
2026-04-20	整个行业一直在用错误的方式评价机器人	2883	文字稿补充
2026-04-21	AI视频的低价梦，该醒了	1688	文字稿补充
2026-04-22	AI编程订阅市场，要变天了？	1433	文字稿补充
2026-04-23	这个品牌可能要重写智驾格局	1344	文字稿补充
2026-04-24	啊？谁还想认真逛超市啊？	1567	文字稿补充
2026-04-24	啊？？原来火山在车圈人脉这么广的吗？？？	1528	文字稿补充
2026-04-27	别眨眼，HappyHorse_1.0能在千问玩了	2248	文字稿补充
2026-04-28	市场上多一匹马，永远比只剩一个选择更安全	2098	文字稿补充
2026-04-29	现在的应用开发，已经越来越像内容创作	1478	文字稿补充
2026-04-29	非常推荐大家来看看这个联合国AI特别奖	1403	文字稿补充
2026-04-30	机器人行业喊了很久颠覆，结果可能都想错了	1471	文字稿补充
2026-05-05	打字这件事，正在拖慢每一个打工人	2158	精校版
2026-05-07	Token战争里，谁在吃下最大红利？	1709	文字稿补充
2026-05-11	AI下半场，MiniMax开始抢各行业专家了	1864	精校版
2026-05-11	AI行业出现了马嘉祺bug	2646	精校版
2026-05-12	企业需要的_AI，不是各种Claw	5010	精校版
2026-05-13	阿里AI投入坚定_利润下跌_但股价涨超8%	1088	精校版
2026-05-14	谁特么说千里科技陈奇离职了？	431	精校版
2026-05-15	办公软件好像正在发生一个变化	1168	精校版
2026-05-15	机器人为什么还不能稳稳接住你？	2953	精校版
2026-05-16	AI时代，现在入局做产品还有机会吗？	2371	精校版
2026-05-16	快手刘逍讲透了生活服务	2055	精校版
2026-05-19	冷知识：关于AI的竞争，云服务才是胜负手	1836	精校版
2026-05-20	云计算要被Agent重写了？	1851	精校版
2026-05-21	让_AI_快起来的秘密，其实藏在网络里	1560	精校版
2026-05-25	AI在戛纳做了件你没想到的事	1591	精校版
2026-05-27	救命，带着AI专家小队干活也太爽了	3191	精校版
2026-05-30	Agent_时代，最吃香的可能是_ISTJ_型模型	2309	精校版
2026-06-02	被AI加持的日常办公，真的很松弛	1522	精校版
2026-06-05	Qwen3.7发布撞车Opus4.8，越测越不对劲...	3791	精校版
2026-06-05	很多专业的Prompt，其实只是无效信息比较多	2065	精校版
2026-06-16	“清爽版”支付宝来了，一句话搞定万种服务	1122	精校版
2026-06-16	冷知识：Prompt没跑完，钱先没了	1946	精校版
2026-06-17	很多人不知道，AI大赛开始抢普通人了	2495	精校版
2026-06-22	我让Kimi帮我埋伏下一个智谱	3064	精校版
2026-06-23	大模型终于能进入企业生产语境了	1121	精校版
2026-06-29	完全国产算力的大模型，在外网火了一把	497	精校版
2026-06-29	我表妹要校招了，我劝她先看大厂的机会	1741	精校版
2026-06-30	AI_落到生活里，最好的情况就是这样吧！	1106	精校版
2026-06-30	大模型会越来越卷怎么更快输出......	2531	精校版
2026-07-02	内容生产的方式已经变了......	1972	精校版
2026-07-02	没有解决数据问题的机器人公司，会out.....	1517	精校版
2026-07-05	这就是当下做AI产品最要命的问题	2254	精校版
2026-07-06	Agent产品要真正可用，先得解决幻觉	1448	精校版
2026-07-10	他用_TRAE_做的产品，让我真想捐钱了	2055	精校版
2026-07-12	看完蚂蚁开源的两个项目，我直接点了star	2257	精校版
2026-07-15	线下两天，直通字节AI产品offer	1530	精校版
2026-07-16	AI视频真正的门槛：听话	1792	精校版
2026-07-17	视频_Agent_为什么突然都在走_Flova_的路	3009	精校版
2026-07-18	逛完WAIC这家展台，我看懂了Agent	1696	精校版
2026-07-21	复杂提示词，正在被Agent公司终结....	1360	精校版
2026-07-24	聊聊字节的_Seed_STEM_计划	1596	精校版
2026-07-27	Vibe_Coding_最后一步，终于补上了...	2012	精校版
2026-07-27	一个人做电商，在AI时代上限能多高……	3249	精校版
2026-07-27	人工智能时代，靠谱比聪明更值钱	3273	精校版
2026-07-28	很多人不知道Qwen和千问的区别	2737	精校版
2026-08-05	H3登顶之后，MiniMax的估值逻辑变了......	1595	精校版
2026-08-08	AI大佬最近在集体焦虑什么？	1925	精校版
2026-08-10	别再问哪个AI视频模型最好了	1916	精校版
2026-08-14	WorkBuddy最强对手，真能打吗？	2207	精校版
2026-08-16	GLM_5.3_🆚_Kimi_K3：一手后端深度实测	5219	精校版
2026-08-18	Seedance_2.5再更新，1080P这么快就来了	1336	精校版
2026-08-18	电脑忘在公司，豆包替我改完了PPT	6514	精校版
2026-08-19	OceanBase拿什么对标Databricks？	2403	精校版
2026-08-25	从可调用到进入工作流，K3含金量还在增加	3378	精校版
2026-08-25	字节的AI办公应用，终于要合成一个了	1183	精校版
2026-08-26	千问生图Skill，到底藏了多少玩法	1902	精校版
2026-08-27	MiniMax，开始像一门好生意了	1584	精校版
2026-08-28	第二个腾讯长出来了	2000	精校版
2026-09-01	机器人圈的大佬都在关注什么？	1684	精校版
2026-09-01	风口浪尖上的智谱	1338	精校版
2026-09-02	知乎，正在成为AI时代的十字路口	2628	精校版
2026-09-03	AI时代，好设计不只关乎美学	1896	精校版
2026-09-05	AI闯进威尼斯，电影圈风向变了？	1641	精校版
2026-09-10	京东，越过AI的山丘	1974	精校版
2026-09-10	看完外滩大会，健康AI赛道的答案藏在生态里	1305	精校版
2026-09-11	AI替你办事，出了问题算谁的？	1510	精校版
2026-09-12	AI短剧，故事比画面更重要	2174	精校版
2026-09-14	智谱再融约50亿美元，加速下一代GLM	1360	精校版
2026-09-17	我和朱啸虎对办公Agent的判断是一致的	1830	精校版
2026-09-20	jev模型刷屏之后，阶跃不想留下遗憾	2175	精校版
2026-09-21	整个科技圈好像突然集体往杭州移动了一格	808	精校版
2026-09-22	Personal_Agent时代到来，千问公布最新进展	2190	精校版
2026-09-22	腾讯是一家很神奇的公司	1241	精校版
2026-09-23	买扫地机器人前，我先问了AI买手	2647	精校版
2026-09-24	Qwen3.8-Flash限时免费，我拿来做网页了	1839	精校版
